{
	"info": {
		"_postman_id": "3bca77df-7cd4-4603-b6df-d182478e8788",
		"name": "HB",
		"schema": "https://schema.getpostman.com/json/collection/v2.1.0/collection.json"
	},
	"item": [
		{
			"name": "https://generator.swagger.io/api/gen/clients",
			"event": [
				{
					"listen": "test",
					"script": {
						"exec": [
							"pm.test(\"response is ok\", function () {",
							"    pm.response.to.have.status(200);",
							"});"
						],
						"type": "text/javascript"
					}
				}
			],
			"request": {
				"method": "GET",
				"header": [
					{
						"key": "Content-Type",
						"value": "application/json",
						"type": "text"
					},
					{
						"key": "Accept",
						"value": "application/json",
						"type": "text"
					}
				],
				"url": {
					"raw": "https://generator.swagger.io/api/gen/clients",
					"protocol": "https",
					"host": [
						"generator",
						"swagger",
						"io"
					],
					"path": [
						"api",
						"gen",
						"clients"
					]
				}
			},
			"response": []
		},
		{
			"name": "https://generator.swagger.io/api/gen/servers/nancyfx",
			"event": [
				{
					"listen": "test",
					"script": {
						"exec": [
							"pm.test(\"response is fail\", function () {",
							"    pm.response.to.have.status(200);",
							"});"
						],
						"type": "text/javascript"
					}
				}
			],
			"request": {
				"method": "POST",
				"header": [],
				"body": {
					"mode": "raw",
					"raw": "{\n  \"spec\": {},\n  \"options\": {\n    \"additionalProp1\": \"string\",\n    \"additionalProp2\": \"string\",\n    \"additionalProp3\": \"string\"\n  },\n  \"swaggerUrl\": \"http://petstore.swagger.io/v2/swagger.json\",\n  \"authorizationValue\": {\n    \"value\": \"string\",\n    \"type\": \"string\",\n    \"keyName\": \"string\"\n  },\n  \"securityDefinition\": {\n    \"type\": \"string\",\n    \"description\": \"string\"\n  }\n}",
					"options": {
						"raw": {
							"language": "json"
						}
					}
				},
				"url": {
					"raw": "https://generator.swagger.io/api/gen/servers/nancyfx",
					"protocol": "https",
					"host": [
						"generator",
						"swagger",
						"io"
					],
					"path": [
						"api",
						"gen",
						"servers",
						"nancyfx"
					]
				}
			},
			"response": []
		}
	]
}